<?xml version="1.0" encoding="UTF-8" standalone="yes"?>
<addon id="repository.rambo" name="Rambo's Repo" version="0.0.1" provider-name="Puppy Rambo">
	<extension point="xbmc.addon.repository" name="Rambo's Repo">
		<info compressed="false">https://raw.githubusercontent.com/puppyrambo18/rambo-repo/master/repository.rambo/addon.xml</info>
		<checksum>https://raw.githubusercontent.com/puppyrambo18/rambo-repo/master/zips/repository.rambo/addon.xml.md5</checksum>
		<datadir zip="true">https://raw.githubusercontent.com/puppyrambo18/rambo-repo/master/zips</datadir>
	</extension>
	<extension point="xbmc.addon.metadata">
		<summary>Rambo's Repo</summary>
		<description>Rambo's Repo - Home of Rambo's Favourite Addons</description>
		<disclaimer></disclaimer>
		<platform>all</platform>
	</extension>
</addon>