<?xml version="1.0" encoding="UTF-8" standalone="yes"?>
<addon id="plugin.video.dramatic" name="Dramatic" version="1.0.1" provider-name="Wilson Magic">
	<requires>
		<import addon="xbmc.python" version="2.19.0"/>
		<import addon="script.module.requests"/>
	    <import addon="script.module.beautifulsoup4"/>
        <import addon="script.module.urlresolver" version="3.0.0"/>
	</requires>
	<extension point="xbmc.python.pluginsource" library="default.py">
		<provides>video</provides>
	</extension>
	<extension point="xbmc.addon.metadata">
		<summary lang="en">Dramatic</summary>
		<description lang="en">Because Asian drama is magical.[CR][CR]Watch Asian Drama online free from dramanice.io.</description>
		<platform>all</platform>
		<license>GNU GENERAL PUBLIC LICENSE. Version 3, 29 June 2007</license>
		<forum>https://www.reddit.com/r/Addons4Kodi/</forum>
		<website>https://www1.ondramanice.io/</website>
		<source>https://www1.ondramanice.io/</source>
		<disclaimer lang="en">The author of this addon do not host any of the content which is found and have no affiliation with any of the content providers. This addon simply searches websites for content. Use at your own risk!</disclaimer>
		<assets>
			<icon>icon.png</icon>
			<fanart>fanart.jpg</fanart>
            <screenshot>resources/screenshots/screenshot-01.jpg</screenshot>
            <screenshot>resources/screenshots/screenshot-02.jpg</screenshot>
            <screenshot>resources/screenshots/screenshot-03.jpg</screenshot>
    	</assets>
	</extension>
</addon>