<?xml version="1.0" encoding="UTF-8" standalone="yes"?>
<addon id="repository.rambo" name="Rambo's Repo" version="1.1.0" provider-name="Puppy Rambo">
	<extension point="xbmc.addon.repository" name="RamboRepo">
		<info compressed="false">https://raw.githubusercontent.com/puppyrambo18/rambo-repo/master/repository.rambo/addon.xml</info>
		<checksum>https://raw.githubusercontent.com/puppyrambo18/rambo-repo/master/zips/addons.xml.md5</checksum>
		<datadir zip="true">https://raw.githubusercontent.com/puppyrambo18/rambo-repo/master/zips</datadir>
	</extension>
	<extension point="xbmc.addon.metadata">
		<summary>Rambo Repo</summary>
		<description>Rambo Repo - Home of Addons</description>
		<disclaimer></disclaimer>
		<platform>all</platform>
	</extension>
</addon>