<?xml version="1.0" encoding="UTF-8" standalone="yes"?>
<addon id="repository.rambo" name="Rambo's Repo" version="1.2.3" provider-name="Puppy Rambo">
    <extension point="xbmc.addon.repository" name="Rambo's Repo">
        <info compressed="true">https://raw.githubusercontent.com/puppyrambo18/rambo-repo/master/repository.rambo/addon.xml</info>
        <checksum>https://raw.githubusercontent.com/puppyrambo18/rambo-repo/master/zips/addons.xml.md5</checksum>
        <datadir zip="true">https://raw.githubusercontent.com/puppyrambo18/rambo-repo/master/zips/</datadir>
    </extension>
    <extension point="xbmc.addon.metadata">
        <summary>Install addons from Rambo's Repo</summary>
        <description>Addons for testing only and not to be used for piracy.</description>
        <platform>all</platform>
    </extension>
</addon>