<?xml version="1.0" encoding="UTF-8" standalone="yes"?>
<addon id="script.incursion.metadata" version="1.0.3" name="Incursion Metadata" provider-name="Incursion">
	<requires>
		<import addon="xbmc.python" version="2.19.0"/>
	</requires>
	<extension point="xbmc.python.module" library="lib" />
	<extension point="xbmc.addon.metadata">
		<summary>Metadata for the Incursion Addon</summary>
		<description>Metadata for Incursion are maintained separately to make distribution of the the addon itself easier/faster.</description>
		<platform>all</platform>
	</extension>
</addon>
